qd_number,cx,cy,r,r_A,area,area_A2,circularity,peak_value_m,local_background_m,local_height_m,local_height_nm,local_height_A,background_inner_radius_px,background_outer_radius_px,background_inner_radius_A,background_outer_radius_A,background_pixel_count,manual_status,fwhm_x_px,fwhm_y_px,fwhm_px,fwhm_x_A,fwhm_y_A,fwhm_A
74.0,421.0,16.0,6.128667601500942,59.85026954590763,118.0,11253.35693359375,0.7332215602934552,-7.045178329612156e-10,-1.5813091946981217e-09,8.767913617369061e-10,0.8767913617369061,8.76791361736906,6.128667601500942,9.193001402251411,59.85026954590763,89.77540431886143,140.0,automatic,6.96190552555403,4.117912227467372,5.539908876510701,67.98735864798857,40.21398659636105,54.10067262217481
25.0,137.0,19.0,5.890312181373172,57.52257989622238,109.0,10395.050048828125,0.7335056064000784,1.4078751497947906e-09,3.2270107419574146e-10,1.0851740755990491e-09,1.085174075599049,10.851740755990491,5.890312181373172,8.835468272059758,57.52257989622238,86.28386984433358,132.0,automatic,6.142108541689291,6.843000265537382,6.492554403613337,59.98152872743449,66.8261744681385,63.40385159778649
23.0,91.0,22.0,6.076507779746499,59.340896286586904,116.0,11062.6220703125,0.9091684251898234,1.6923226153764404e-09,2.4266347611878736e-11,1.6680562677645616e-09,1.6680562677645616,16.680562677645618,6.076507779746499,9.114761669619748,59.340896286586904,89.01134442988035,148.0,automatic,7.22337643899057,8.707069649834267,7.965223044412419,70.54078553701729,85.02997704916277,77.78538129309003
24.0,122.0,36.0,6.506551687525748,63.540543823493636,133.0,12683.868408203125,0.9303400432203457,2.436200574607028e-09,3.3561213530486356e-10,2.1005884393021645e-09,2.1005884393021645,21.005884393021645,6.506551687525748,9.759827531288622,63.540543823493636,95.31081573524044,156.0,automatic,9.4624636651857,8.846855755812758,9.154659710499228,92.4068717303291,86.39507574035896,89.40097373534402
53.0,483.0,36.0,6.102643417692329,59.59612712590165,117.0,11157.989501953125,0.5079810165821764,1.2843934804607215e-09,4.967534161792742e-10,7.876400642814474e-10,0.7876400642814474,7.876400642814474,6.102643417692329,9.153965126538495,59.59612712590165,89.39419068885249,140.0,automatic,9.306057998271777,5.60464232827562,7.455350163273699,90.87947263937282,54.7328352370666,72.80615393821971
28.0,208.0,48.0,6.723094811029982,65.65522276396467,142.0,13542.17529296875,0.8636121708706624,2.0615686935343547e-09,4.1571675268858854e-10,1.6458519408457661e-09,1.6458519408457661,16.45851940845766,6.723094811029982,10.084642216544975,65.65522276396467,98.48283414594701,180.0,automatic,10.031340138916104,8.537763166491228,9.284551652703666,97.96230604410258,83.3765934227659,90.66944973343423
30.0,232.0,49.0,4.753945931439391,46.425253236712805,71.0,6771.087646484375,0.8207586964940495,8.729356126835341e-10,-4.8131734708967144e-11,9.210673473925013e-10,0.9210673473925013,9.210673473925013,4.753945931439391,7.130918897159087,46.425253236712805,69.6378798550692,92.0,automatic,5.2347622813310615,3.6329968068681495,4.4338795440996055,51.120725403623645,35.478484442071775,43.29960492284771
31.0,355.0,55.0,7.356132180109627,71.83722832138308,170.0,16212.46337890625,0.806843623629719,2.794082076817972e-09,7.445433158892456e-10,2.0495387609287263e-09,2.0495387609287263,20.495387609287263,7.356132180109627,11.034198270164442,71.83722832138308,107.75584248207463,200.0,automatic,9.597062516036011,8.235601991450178,8.916332253743095,93.72131363316417,80.42580069775565,87.0735571654599
52.0,496.0,60.0,5.698035485213008,55.644877785283285,102.0,9727.47802734375,0.8121165020658383,1.7385701767125283e-09,5.084606902183708e-10,1.2301094864941575e-09,1.2301094864941575,12.301094864941575,5.698035485213008,8.547053227819513,55.644877785283285,83.46731667792493,132.0,automatic,6.749850557805473,7.838999884874566,7.29442522134002,65.91650935356907,76.55273325072818,71.23462130214862
51.0,419.0,72.0,6.102643417692329,59.59612712590165,117.0,11157.989501953125,0.778573010876046,1.1204226435523879e-09,-3.1587497895113614e-10,1.436297622503524e-09,1.436297622503524,14.36297622503524,6.102643417692329,9.153965126538495,59.59612712590165,89.39419068885249,140.0,automatic,9.357789615865164,6.414272529315053,7.886031072590108,91.38466421743324,62.63938016909231,77.01202219326278
32.0,345.0,88.0,6.257165172872317,61.10512864133122,123.0,11730.194091796875,0.895035377484506,2.562383638604615e-09,1.0795643823335865e-09,1.4828192562710285e-09,1.4828192562710285,14.828192562710285,6.257165172872317,9.385747759308476,61.10512864133122,91.65769296199683,156.0,automatic,10.738810575774897,7.893693717437204,9.31625214660605,104.87119702905173,77.0868527093477,90.9790248691997
29.0,232.0,105.0,5.440847306724618,53.1332744797326,93.0,8869.171142578125,1.0378710607752675,2.232565909920936e-09,6.209634889620119e-11,2.170469561024735e-09,2.170469561024735,21.70469561024735,5.440847306724618,8.161270960086927,53.1332744797326,79.6999117195989,116.0,automatic,8.186692826312207,8.583127507910335,8.384910167111272,79.94817213195515,83.81960456943686,81.88388835069601
33.0,335.0,107.0,3.9088200952233594,38.17207124241562,48.0,4577.63671875,0.9864517666782943,1.4043972651478498e-09,6.219215420433244e-10,7.824757231045254e-10,0.7824757231045254,7.824757231045254,3.9088200952233594,5.8632301428350395,38.17207124241562,57.25810686362343,64.0,automatic,6.044231527279555,4.060574571362329,5.052403049320942,59.02569850858941,39.654048548460246,49.339873528524826
50.0,451.0,124.0,5.698035485213008,55.644877785283285,102.0,9727.47802734375,0.605590788753333,2.085132289053604e-09,4.815607357322449e-10,1.603571553321359e-09,1.603571553321359,16.03571553321359,5.698035485213008,8.547053227819513,55.644877785283285,83.46731667792493,132.0,automatic,6.640335767036781,7.159307252193345,6.899821509615063,64.84702897496857,69.91510988470064,67.3810694298346
22.0,73.0,126.0,6.6755811781245455,65.19122244262252,140.0,13351.4404296875,0.8387375772488195,2.6399256114473246e-09,7.238871169157335e-10,1.916038494531591e-09,1.9160384945315911,19.16038494531591,6.6755811781245455,10.013371767186818,65.19122244262252,97.78683366393378,180.0,automatic,8.42930899314556,5.564040218684596,6.996674605915078,82.31747063618711,54.33633026059176,68.32690044838944
39.0,194.0,151.0,6.023896332520351,58.827112622269055,114.0,10871.88720703125,0.8740180293115886,8.075887181213659e-10,-6.742994704267424e-11,8.750186651640401e-10,0.8750186651640401,8.750186651640401,6.023896332520351,9.035844498780527,58.827112622269055,88.24066893340358,140.0,automatic,4.825656442144407,5.830731192519529,5.328193817331968,47.125551192816474,56.94073430194853,52.0331427473825
49.0,403.0,151.0,5.808687281605183,56.725461734425615,106.0,10108.94775390625,0.8167334933698256,1.8335838403160665e-09,1.488468237553775e-10,1.684737016560689e-09,1.684737016560689,16.84737016560689,5.808687281605183,8.713030922407775,56.725461734425615,85.08819260163843,140.0,automatic,8.840907133627073,7.005622613135522,7.923264873381298,86.33698372682689,68.41428333140158,77.37563352911424
34.0,304.0,155.0,5.613615477764332,54.820463650042306,99.0,9441.375732421875,0.8707323310632022,2.588148140247881e-09,6.513788119999475e-10,1.9367693282479337e-09,1.9367693282479337,19.367693282479337,5.613615477764332,8.420423216646498,54.820463650042306,82.23069547506346,124.0,automatic,9.907828989020572,7.097863928020111,8.502846458520342,96.75614247090402,69.3150774220714,83.03560994648771
21.0,69.0,161.0,5.014626706796775,48.97096393356225,79.0,7534.027099609375,0.960920584489892,1.2449219433108283e-09,-8.933934841914848e-11,1.3342612917299768e-09,1.3342612917299768,13.342612917299768,5.014626706796775,7.521940060195162,48.97096393356225,73.45644590034337,96.0,automatic,7.629750536836651,4.64231575082913,6.136033143832891,74.50928258629543,45.33511475419073,59.92219867024308
73.0,353.0,164.0,5.997417539138688,58.56853065565125,113.0,10776.519775390625,0.8706687240640596,-5.177122619492991e-10,-2.1476066480730083e-09,1.6298943861237092e-09,1.6298943861237092,16.298943861237092,5.997417539138688,8.996126308708032,58.56853065565125,87.85279598347688,140.0,automatic,9.037424643690562,7.0174891598004105,8.027456901745486,88.25610003604065,68.53016757617588,78.39313380610827
35.0,254.0,164.0,6.023896332520351,58.827112622269055,114.0,10871.88720703125,0.915550515218438,3.207894394563482e-09,5.652817658408082e-10,2.6426126287226737e-09,2.6426126287226737,26.426126287226737,6.023896332520351,9.035844498780527,58.827112622269055,88.24066893340358,140.0,automatic,10.717025311768715,7.492435971102795,9.104730641435754,104.65845031024136,73.16832003030073,88.91338517027104
54.0,484.0,169.0,5.836022431559495,56.99240655819819,107.0,10204.315185546875,0.8853607958076034,1.8595734951887266e-09,2.547741462244346e-10,1.604799348964292e-09,1.604799348964292,16.04799348964292,5.836022431559495,8.754033647339241,56.99240655819819,85.48860983729728,132.0,automatic,10.476651230832635,6.7349656296505405,8.605808430241588,102.31104717609995,65.77114872705606,84.04109795157801
37.0,164.0,176.0,4.982787485166879,48.660034034832805,78.0,7438.65966796875,0.9150979916160761,1.3707658341743922e-09,2.312975765778047e-11,1.3476360765166118e-09,1.3476360765166118,13.476360765166117,4.982787485166879,7.474181227750319,48.660034034832805,72.9900510522492,108.0,automatic,6.660861040765793,4.4706141433209226,5.565737592043358,65.04747110122845,43.65834124336838,54.35290617229842
20.0,29.0,181.0,5.4700209598571305,53.41817343610479,94.0,8964.53857421875,0.6760925406785894,1.7264825125096195e-09,3.6766024946732756e-10,1.358822263042292e-09,1.358822263042292,13.58822263042292,5.4700209598571305,8.205031439785696,53.41817343610479,80.12726015415718,116.0,automatic,5.371845806480774,4.052108404271321,4.7119771053760475,52.45943170391381,39.571371135462115,46.01540141968796
40.0,110.0,184.0,6.102643417692329,59.59612712590165,117.0,11157.989501953125,0.6762589259845339,1.660235393607934e-09,3.2434753494126056e-10,1.3358878586666734e-09,1.3358878586666734,13.358878586666734,6.102643417692329,9.153965126538495,59.59612712590165,89.39419068885249,140.0,automatic,6.0825565450211165,3.604077752958144,4.84331714898963,59.39996625997184,35.19607180623188,47.29801903310186
43.0,134.0,197.0,5.781222885281108,56.45725473907331,105.0,10013.580322265625,0.7768307662591567,1.257324022674311e-09,3.532784065285455e-10,9.040456161457655e-10,0.9040456161457655,9.040456161457655,5.781222885281108,8.671834327921662,56.45725473907331,84.68588210860997,140.0,automatic,6.711098136934247,3.57785837105439,5.144478253994318,65.5380677434985,34.940023154828026,50.239045449163264
38.0,190.0,204.0,5.725898905580716,55.91698149981168,103.0,9822.845458984375,0.8943939266318661,1.1214568162998262e-09,1.0075436318590647e-10,1.0207024531139197e-09,1.0207024531139197,10.207024531139197,5.725898905580716,8.588848358371074,55.91698149981168,83.87547224971752,132.0,automatic,6.59065182467646,6.059532977149214,6.325092400912837,64.36183422535605,59.17512672997279,61.768480477664426
55.0,472.0,211.0,5.140011726956917,50.195427021063644,83.0,7915.496826171875,0.953655506482216,1.450284115023237e-09,8.303787518704198e-11,1.367246239836195e-09,1.367246239836195,13.67246239836195,5.140011726956917,7.710017590435376,50.195427021063644,75.29314053159547,96.0,automatic,9.327529217731884,5.870925553099491,7.599227385415688,91.08915251691293,57.333257354487216,74.21120493570008
48.0,398.0,212.0,5.613615477764332,54.820463650042306,99.0,9441.375732421875,0.9222578113239627,1.7143541031217069e-09,5.208835029968384e-10,1.1934706001248685e-09,1.1934706001248685,11.934706001248685,5.613615477764332,8.420423216646498,54.820463650042306,82.23069547506346,124.0,automatic,9.18235307610344,5.610149929570419,7.39625150283693,89.67141675882266,54.78662040596112,72.22901858239189
42.0,119.0,219.0,5.382025607773058,52.558843825908774,91.0,8678.436279296875,0.8754344518043099,1.6434278382604361e-09,3.369654832940938e-10,1.3064623549663423e-09,1.3064623549663423,13.064623549663423,5.382025607773058,8.073038411659587,52.558843825908774,78.83826573886316,124.0,automatic,6.9008362575141415,5.039900370053925,5.970368313784033,67.39097907728654,49.217777051307856,58.3043780642972
41.0,78.0,232.0,6.050259243299904,59.08456292285063,115.0,10967.254638671875,0.8609220793340896,1.472825306159109e-09,-1.7172900601547525e-10,1.6445543121745843e-09,1.6445543121745843,16.445543121745843,6.050259243299904,9.075388864949856,59.08456292285063,88.62684438427594,148.0,automatic,6.8709302252569024,4.697999269969387,5.7844647476131446,67.09892798102443,45.87889912079479,56.488913550909615
,58.0,238.0,4.787307364817192,46.751048484542885,72.0,6866.455078125,0.9735582576112822,-1.6595242957606615e-09,-2.3420539951857222e-09,6.825296994250607e-10,0.6825296994250607,6.825296994250607,4.787307364817192,7.180961047225788,46.751048484542885,70.12657272681433,92.0,automatic,2.0494294081706528,4.506941503305118,3.2781854557378853,20.01395906416653,44.01310061821404,32.013529841190284
46.0,284.0,240.0,4.853342309955121,47.39592099565547,74.0,7057.18994140625,0.984861586407306,1.4302407036481668e-09,5.564102234512092e-10,8.738304801969576e-10,0.8738304801969576,8.738304801969576,4.853342309955121,7.280013464932681,47.39592099565547,71.09388149348321,100.0,automatic,5.354068590258352,6.030764087062522,5.692416338660437,52.28582607674172,58.89418053771994,55.59000330723083
19.0,5.0,241.0,4.145929793656026,40.48759564117213,54.0,5149.84130859375,0.9929365491729245,1.112417824522538e-09,1.111910910567282e-10,1.0012267334658098e-09,1.0012267334658098,10.012267334658098,4.145929793656026,6.2188946904840385,40.48759564117213,60.73139346175819,61.0,automatic,6.036355244627501,3.1421340568800122,4.5892446507537565,58.94878168581544,30.68490289921887,44.81684229251715
45.0,158.0,251.0,4.853342309955121,47.39592099565547,74.0,7057.18994140625,0.6740744108293234,7.132987533964297e-10,-2.954490402329313e-10,1.008747793629361e-09,1.008747793629361,10.08747793629361,4.853342309955121,7.280013464932681,47.39592099565547,71.09388149348321,100.0,automatic,2.3374287163951486,1.6227931775247058,1.9801109469599272,22.826452308546372,15.847589624264705,19.33702096640554
57.0,499.0,261.0,6.6036697681803656,64.48896257988638,137.0,13065.338134765625,0.6563969384001126,7.055692141655356e-10,-2.9248033162065923e-10,9.980495457861949e-10,0.9980495457861949,9.980495457861949,6.6036697681803656,9.905504652270547,64.48896257988638,96.73344386982957,168.0,automatic,7.099893035294635,7.5189072091590035,7.309400122226819,69.33489292279917,73.42682821444339,71.38086056862127
75.0,221.0,271.0,12.539740179716349,122.45840019254247,494.0,47111.51123046875,0.9515715701054104,6.78907863260747e-09,4.711665224643724e-10,6.317912110143098e-09,6.317912110143098,63.17912110143098,12.539740179716349,18.809610269574524,122.45840019254247,183.6876002888137,612.0,automatic,24.13569177575714,23.00311235059843,23.569402063177783,235.70011499762833,224.63976904881278,230.16994202322053
71.0,130.0,287.0,4.686510657907603,45.76670564362894,69.0,6580.352783203125,1.0506317644878964,6.40372976867809e-10,-3.4144760630017146e-10,9.818205831679805e-10,0.9818205831679805,9.818205831679805,4.686510657907603,7.029765986861404,45.76670564362894,68.65005846544341,80.0,automatic,5.066050597926333,3.2723756269551316,4.169213112440732,49.47315037037435,31.956793231983706,40.714971801179026
1.0,33.0,294.0,6.023896332520351,58.827112622269055,114.0,10871.88720703125,0.6819134689468616,9.38050304100102e-10,-1.2429319292545093e-11,9.504796233926471e-10,0.9504796233926471,9.504796233926472,6.023896332520351,9.035844498780527,58.827112622269055,88.24066893340358,140.0,automatic,6.802936916302325,6.028145781461333,6.415541348881829,66.43493082326489,58.868611147083335,62.65177098517412
64.0,359.0,297.0,6.023896332520351,58.827112622269055,114.0,10871.88720703125,0.5026664049925079,2.483204752934398e-09,9.424321878448438e-10,1.5407725650895543e-09,1.5407725650895543,15.407725650895543,6.023896332520351,9.035844498780527,58.827112622269055,88.24066893340358,140.0,automatic,7.298898347740677,7.88072409020142,7.5898112189710485,71.27830417715505,76.96019619337325,74.11925018526415
2.0,79.0,302.0,5.4115163798060095,52.84683964654306,92.0,8773.8037109375,0.7298835779790926,1.295826002056799e-09,2.6031275746074556e-10,1.0355132445960535e-09,1.0355132445960535,10.355132445960535,5.4115163798060095,8.117274569709014,52.84683964654306,79.27025946981459,116.0,automatic,3.7444501214189465,4.959434179388676,4.351942150403811,36.5668957169819,48.43197440809254,42.49943506253722
63.0,389.0,305.0,5.292567428401227,51.68522879298074,88.0,8392.333984375,0.948661268636659,1.5528077712545496e-09,4.661078745193947e-10,1.0866998967351549e-09,1.0866998967351549,10.866998967351549,5.292567428401227,7.938851142601841,51.68522879298074,77.5278431894711,104.0,automatic,6.04643035964903,4.921203974292984,5.483817166971007,59.047171480947554,48.05863256145493,53.55290202120124
59.0,481.0,329.0,7.506054213402069,73.30131067775459,177.0,16880.035400390625,0.6877265532272387,8.682512486757332e-10,-3.2689366491478467e-10,1.1951449135905179e-09,1.1951449135905179,11.951449135905179,7.506054213402069,11.259081320103103,73.30131067775459,109.95196601663187,224.0,automatic,9.002414719191936,10.151700092071513,9.577057405631724,87.91420624210875,99.13769621163587,93.52595122687231
,345.0,326.0,4.583497844237541,44.760721135132236,66.0,6294.25048828125,0.8027944123586439,-7.964022219475453e-10,-1.6155783932880752e-09,8.191761713405299e-10,0.8191761713405299,8.191761713405299,4.583497844237541,6.875246766356311,44.760721135132236,67.14108170269834,76.0,automatic,4.944461841571378,1.4066881517306964,3.1755749966510374,48.28576017159549,13.737188981745081,31.011474576670288
3.0,91.0,330.0,4.720348719413148,46.09715546301903,70.0,6675.72021484375,1.006946337180878,8.835168707754804e-10,2.3286167265268443e-11,8.602307035102119e-10,0.8602307035102119,8.602307035102118,4.720348719413148,7.080523079119722,46.09715546301903,69.14573319452853,92.0,automatic,4.330771984375678,5.678504017154536,5.004638000765107,42.292695159918736,55.45414079252476,48.873417976221745
62.0,406.0,333.0,6.358093703724522,62.09075882543479,127.0,12111.663818359375,0.8319273378458428,2.1599522170845376e-09,6.437079480559049e-10,1.5162442690286326e-09,1.5162442690286326,15.162442690286326,6.358093703724522,9.537140555586785,62.09075882543479,93.1361382381522,164.0,automatic,8.689570230366275,8.780727220419413,8.735148725392843,84.85908428092065,85.74928926190833,85.30418677141448
68.0,264.0,344.0,6.770275002573076,66.11596682200269,144.0,13732.91015625,0.6332598771368743,1.6380916623148778e-09,9.466616379683046e-10,6.914300243465732e-10,0.6914300243465732,6.914300243465732,6.770275002573076,10.155412503859614,66.11596682200269,99.17395023300404,180.0,automatic,,1.6480717717405255,1.6480717717405255,,16.09445089590357,16.09445089590357
67.0,283.0,344.0,6.699380116989518,65.42363395497577,141.0,13446.807861328125,0.8447285599434539,2.605809790168223e-09,1.109217606654056e-09,1.4965921835141671e-09,1.4965921835141671,14.965921835141671,6.699380116989518,10.049070175484278,65.42363395497577,98.13545093246366,180.0,automatic,9.48087370411275,8.21947971223722,8.850176708174985,92.58665726672606,80.2683565648166,86.42750691577133
4.0,115.0,350.0,5.499039842323396,53.70156096018941,95.0,9059.906005859375,0.6580816572579024,1.6427039728483805e-09,2.725740883002814e-10,1.3701298845480991e-09,1.3701298845480991,13.701298845480991,5.499039842323396,8.248559763485094,53.70156096018941,80.55234144028412,124.0,automatic,6.842322432631015,6.95708085496169,6.8997016437963525,66.81955500616225,67.94024272423526,67.37989886519875
5.0,50.0,355.0,5.046265044040321,49.27993207070626,80.0,7629.39453125,0.9941987258216343,1.572733610011312e-09,-6.829204909908348e-11,1.6410256591103956e-09,1.6410256591103956,16.410256591103956,5.046265044040321,7.569397566060481,49.27993207070626,73.91989810605938,96.0,automatic,6.662591436170636,5.599034812800422,6.130813124485529,65.06436949385387,54.67807434375412,59.871221918804
16.0,242.0,364.0,4.886025119029199,47.71508905301952,75.0,7152.557373046875,0.9981705267641615,2.0068757766722456e-09,5.196930386031084e-10,1.4871827380691371e-09,1.4871827380691371,14.871827380691371,4.886025119029199,7.3290376785437985,47.71508905301952,71.57263357952928,108.0,automatic,8.11204489419826,6.35716017428785,7.234602534243055,79.21918841990488,62.08164232702979,70.65041537346734
65.0,344.0,373.0,5.890312181373172,57.52257989622238,109.0,10395.050048828125,0.7538038080760641,2.344384242292108e-09,7.985357375339674e-10,1.5458485047581405e-09,1.5458485047581405,15.458485047581405,5.890312181373172,8.835468272059758,57.52257989622238,86.28386984433358,132.0,automatic,6.25064180558814,6.432583489586618,6.341612647587379,61.041423882696684,62.81819814049431,61.9298110115955
60.0,477.0,385.0,7.158763278359629,69.90979764023075,161.0,15354.156494140625,0.5466829316168086,7.003701507635185e-10,-7.26451704347042e-10,1.4268218551105605e-09,1.4268218551105605,14.268218551105605,7.158763278359629,10.738144917539444,69.90979764023075,104.86469646034612,196.0,automatic,9.98302834611314,4.589513224103584,7.286270785108362,97.49051119251114,44.81946507913656,71.15498813582386
11.0,139.0,414.0,5.670035141386943,55.37143692760687,101.0,9632.110595703125,1.0177581347121052,3.0506186465828478e-09,6.135332242251934e-10,2.4370854223576544e-09,2.4370854223576544,24.370854223576544,5.670035141386943,8.505052712080415,55.37143692760687,83.0571553914103,124.0,automatic,9.999928299131886,7.962513707533651,8.981221003332768,97.65554979620983,77.7589229251333,87.70723636067157
13.0,225.0,419.0,6.023896332520351,58.827112622269055,114.0,10871.88720703125,0.8105048393513771,2.176274049858762e-09,5.629602617407414e-10,1.6133137881180204e-09,1.6133137881180204,16.133137881180204,6.023896332520351,9.035844498780527,58.827112622269055,88.24066893340358,140.0,automatic,8.974145320293117,6.732826943897626,7.853486132095371,87.63813789348747,65.75026312400026,76.69420050874386
69.0,274.0,426.0,6.3078313050504,61.599915088382815,125.0,11920.928955078125,0.8743797398687458,2.8816911079587726e-09,1.0988743248674382e-09,1.7828167830913344e-09,1.7828167830913344,17.828167830913344,6.3078313050504,9.4617469575756,61.599915088382815,92.39987263257423,164.0,automatic,9.430257440804304,6.124566476230196,7.77741195851725,92.09235782035454,59.81021949443551,75.95128865739503
10.0,200.0,434.0,5.613615477764332,54.820463650042306,99.0,9441.375732421875,1.0172783843869908,2.022729761463893e-09,6.660077767062234e-10,1.3567219847576695e-09,1.3567219847576695,13.567219847576695,5.613615477764332,8.420423216646498,54.820463650042306,82.23069547506346,124.0,automatic,7.686234291300785,6.296577586210777,6.991405938755781,75.06088175098422,61.490015490339616,68.27544862066192
9.0,104.0,452.0,6.579524642479541,64.25317033671426,136.0,12969.970703125,0.836022979803015,9.825198432622528e-10,2.6283118910452874e-11,9.562367243518e-10,0.9562367243518,9.562367243518,6.579524642479541,9.869286963719311,64.25317033671426,96.3797555050714,164.0,automatic,9.734664002928895,8.777093630538424,9.25587881673366,95.06507815360249,85.7138049857268,90.38944156966464
7.0,44.0,483.0,5.863230142835039,57.258106863623425,108.0,10299.6826171875,0.8085181266789709,1.7411134756173396e-09,2.698706119685923e-10,1.4712428636487473e-09,1.4712428636487473,14.712428636487473,5.863230142835039,8.794845214252557,57.258106863623425,85.88716029543514,132.0,automatic,5.831127487422579,6.417435919704577,6.124281703563578,56.94460436936112,62.670272653365004,59.80743851136307
8.0,77.0,447.0,5.725898905580716,55.91698149981168,101.0,9632.110595703125,1.0,5.945158809694817e-10,-3.910393189809902e-11,6.336198128675807e-10,0.6336198128675807,6.336198128675807,,,55.91698149981168,83.87547224971752,,false_negative,9.327087713455287,6.914149187671278,8.120618450563281,91.08484095171178,67.52098816085233,79.30291455628205
6.0,25.0,419.0,5.725898905580716,55.91698149981168,101.0,9632.110595703125,1.0,1.2098920754155529e-09,-1.514693023785263e-10,1.3613613777940792e-09,1.3613613777940792,13.613613777940792,,,55.91698149981168,83.87547224971752,,false_negative,5.077394339103234,5.744963398664668,5.411178868883951,49.58392909280502,56.10315819008465,52.84354364144483
12.0,163.0,379.0,5.725898905580716,55.91698149981168,101.0,9632.110595703125,1.0,1.8352299679946782e-09,2.4735072323700535e-10,1.5878792447576728e-09,1.5878792447576728,15.878792447576728,,,55.91698149981168,83.87547224971752,,false_negative,7.849140955219001,8.39763044162941,8.123385698424205,76.65176714081056,82.0081097815372,79.32993846117387
14.0,243.0,473.0,5.725898905580716,55.91698149981168,101.0,9632.110595703125,1.0,2.0832258140757176e-09,9.644441911760282e-10,1.1187816228996894e-09,1.1187816228996894,11.187816228996894,,,55.91698149981168,83.87547224971752,,false_negative,9.143740645701397,5.657338535762284,7.4005395907318405,89.29434224317771,55.24744663830355,72.27089444074063
15.0,209.0,500.0,5.725898905580716,55.91698149981168,101.0,9632.110595703125,1.0,9.566214487222169e-10,1.1475797742632743e-10,8.418634712958895e-10,0.8418634712958895,8.418634712958895,,,55.91698149981168,83.87547224971752,,false_negative,7.503714087645896,1.3424130292542138,4.423063558450055,73.27845788716695,13.109502238810682,43.19398006298882
17.0,150.0,301.0,5.725898905580716,55.91698149981168,101.0,9632.110595703125,1.0,1.7795640516737876e-09,4.281923149385136e-10,1.351371736735274e-09,1.351371736735274,13.51371736735274,,,55.91698149981168,83.87547224971752,,false_negative,5.528361985086059,6.479024608103728,6.003693296594894,53.98791001060605,63.27172468851297,58.62981734955951
18.0,33.0,249.0,5.725898905580716,55.91698149981168,101.0,9632.110595703125,1.0,1.4506766898847445e-09,1.8393115502890467e-10,1.2667455348558398e-09,1.2667455348558398,12.667455348558398,,,55.91698149981168,83.87547224971752,,false_negative,7.653161313769905,5.3277298261400805,6.490445569954993,74.73790345478423,52.028611583399226,63.38325751909173
26.0,121.0,80.0,5.725898905580716,55.91698149981168,101.0,9632.110595703125,1.0,2.3743971233614047e-09,6.375539540748321e-10,1.7368431692865727e-09,1.7368431692865727,17.368431692865727,,,55.91698149981168,83.87547224971752,,false_negative,8.77460232309367,5.072989601270251,6.923795962181961,85.68947581146163,49.5409140749048,67.61519494318321
27.0,180.0,106.0,5.725898905580716,55.91698149981168,101.0,9632.110595703125,1.0,2.741547655560339e-09,2.890879202688268e-10,2.4524597352915123e-09,2.4524597352915123,24.524597352915123,,,55.91698149981168,83.87547224971752,,false_negative,8.267799547244794,6.587691994267477,7.427745770756135,80.74022995356243,64.33292963151833,72.53657979254038
36.0,275.0,190.0,5.725898905580716,55.91698149981168,101.0,9632.110595703125,1.0,1.0740054401381371e-09,7.25147081270805e-10,3.488583588673322e-10,0.3488583588673322,3.488583588673322,,,55.91698149981168,83.87547224971752,,false_negative,2.348153814492264,19.08915445302172,10.718654133756992,22.931189594651013,186.41752395529025,104.67435677497062
44.0,188.0,238.0,5.725898905580716,55.91698149981168,101.0,9632.110595703125,1.0,4.518903862216206e-10,-3.752707866677696e-11,4.894174648883975e-10,0.48941746488839755,4.8941746488839755,,,55.91698149981168,83.87547224971752,,false_negative,3.948697913921105,1.1889428116853047,2.568820362803205,38.56150306563579,11.610769645364304,25.08613635550005
47.0,322.0,226.0,5.725898905580716,55.91698149981168,101.0,9632.110595703125,1.0,9.532579170468125e-10,4.90368440297928e-10,4.628894767488845e-10,0.4628894767488845,4.628894767488845,,,55.91698149981168,83.87547224971752,,false_negative,12.498256339195141,5.274718191974502,8.886487265584822,122.05328456245255,51.510919843501,86.78210220297679
56.0,481.0,235.0,5.725898905580716,55.91698149981168,101.0,9632.110595703125,1.0,9.052242844198588e-10,-6.134524832557275e-11,9.665695327454316e-10,0.9665695327454316,9.665695327454316,,,55.91698149981168,83.87547224971752,,false_negative,8.637906229059487,4.613957159231747,6.625931694145617,84.35455301815905,45.05817538312253,64.70636420064079
58.0,456.0,288.0,5.725898905580716,55.91698149981168,101.0,9632.110595703125,1.0,1.744712707640872e-09,5.4072133923166454e-11,1.6906405737177055e-09,1.6906405737177055,16.906405737177053,,,55.91698149981168,83.87547224971752,,false_negative,10.343857205429206,7.044632251721,8.694244728575104,101.01423052176959,68.79523683321288,84.90473367749125
61.0,443.0,393.0,5.725898905580716,55.91698149981168,101.0,9632.110595703125,1.0,1.1865332050220445e-09,3.496897736654514e-11,1.1515642276554994e-09,1.1515642276554994,11.515642276554994,,,55.91698149981168,83.87547224971752,,false_negative,5.325547790886384,7.039171731884629,6.182359761385507,52.00730264537484,68.74191144418583,60.37460704478034
70.0,181.0,349.0,5.725898905580716,55.91698149981168,101.0,9632.110595703125,1.0,-1.0291471008727626e-09,-2.3030718443450837e-09,1.273924743472321e-09,1.273924743472321,12.739247434723211,,,55.91698149981168,83.87547224971752,,false_negative,9.118357220321602,6.549013117791311,7.833685169056457,89.04645722970315,63.955206228430775,76.50083172906696
72.0,92.0,86.0,5.725898905580716,55.91698149981168,101.0,9632.110595703125,1.0,-6.608907865413016e-10,-1.6995351792559177e-09,1.038644392714616e-09,1.038644392714616,10.38644392714616,,,55.91698149981168,83.87547224971752,,false_negative,5.6491480384525605,5.98721428193047,5.818181160191515,55.167461313013284,58.46888947197724,56.81817539249526
