cx,cy,r,area,circularity,peak_value_m,local_background_m,local_height_m,local_height_nm,local_height_A,background_inner_radius_px,background_outer_radius_px,background_pixel_count
158.0,1.0,2.6462837142006137,22.0,1.0172783843869908,1.93688931560132e-09,5.949996606524621e-10,1.341889654948858e-09,1.341889654948858,13.41889654948858,2.6462837142006137,3.9694255713009206,15.0
399.0,0.0,2.4592453796829674,19.0,1.1770161688565015,1.5467842562344458e-09,4.2839728986443504e-10,1.1183869663700108e-09,1.1183869663700108,11.183869663700108,2.4592453796829674,3.6888680695244513,13.0
479.0,8.0,4.222008245644752,56.0,0.9040765577839398,1.919687075968568e-09,4.337979142565729e-10,1.4858891617119951e-09,1.4858891617119951,14.858891617119951,4.222008245644752,6.333012368467129,72.0
41.0,7.0,3.6996385101659595,43.0,1.0460654464067183,2.027273238169869e-09,6.967914023547905e-10,1.3304818358150783e-09,1.3304818358150783,13.304818358150783,3.6996385101659595,5.549457765248939,52.0
463.0,5.0,3.0382538898732494,29.0,1.1689103329366752,1.013230388480224e-09,3.9367323290129264e-10,6.195571555789314e-10,0.6195571555789314,6.195571555789314,3.0382538898732494,4.557380834809874,40.0
307.0,10.0,3.431831258788849,37.0,1.0235134274794264,1.4061760644779042e-09,5.164525196388325e-10,8.897235448390717e-10,0.8897235448390717,8.897235448390717,3.431831258788849,5.147746888183273,52.0
230.0,10.0,4.3336224206596095,59.0,0.993803530709568,1.905754665187942e-09,4.913828233199524e-10,1.4143718418679896e-09,1.4143718418679896,14.143718418679896,4.3336224206596095,6.500433630989415,76.0
341.0,21.0,3.8678889139475245,47.0,1.034023182419364,1.4000183234941233e-09,3.160762901410763e-10,1.083942033353047e-09,1.083942033353047,10.83942033353047,3.8678889139475245,5.801833370921287,56.0
368.0,30.0,3.3377905890622728,35.0,1.0480790531023694,1.0792061688746912e-09,1.1422241971703606e-10,9.649837491576552e-10,0.9649837491576552,9.649837491576552,3.3377905890622728,5.006685883593409,44.0
150.0,42.0,3.826519928662906,46.0,0.8458348381843431,1.272731475765454e-09,1.7795250516206007e-11,1.254936225249248e-09,1.254936225249248,12.549362252492479,3.826519928662906,5.739779892994359,56.0
86.0,48.0,4.787307364817192,72.0,0.875775722573066,1.8980017557623796e-09,3.4500027834560854e-10,1.553001477416771e-09,1.553001477416771,15.53001477416771,4.787307364817192,7.180961047225788,92.0
224.0,58.0,3.6125759969217834,41.0,1.0190536939671753,1.6681156456144208e-09,3.7688149823189576e-10,1.291234147382525e-09,1.291234147382525,12.91234147382525,3.6125759969217834,5.418863995382675,52.0
504.0,59.0,4.3336224206596095,59.0,0.9938035307095683,1.956816930714922e-09,3.649014562734365e-10,1.5919154744414854e-09,1.5919154744414854,15.919154744414854,4.3336224206596095,6.500433630989415,76.0
431.0,67.0,3.0382538898732494,29.0,1.00197720430288,1.0492519075810947e-09,2.448212049754872e-10,8.044307026056075e-10,0.8044307026056075,8.044307026056075,3.0382538898732494,4.557380834809874,40.0
43.0,69.0,3.5682482323055424,40.0,0.8624193351242355,1.4765061395749512e-09,5.272851322235539e-10,9.492210073513974e-10,0.9492210073513974,9.492210073513974,3.5682482323055424,5.352372348458314,52.0
199.0,72.0,3.0901936161855166,30.0,1.0748600762636096,1.1626998253078114e-09,3.767176709468245e-10,7.859821543609868e-10,0.7859821543609868,7.859821543609868,3.0901936161855166,4.635290424278275,40.0
338.0,78.0,3.8678889139475245,47.0,0.9659006882058301,1.4876373466421455e-09,1.3834618173280688e-10,1.3492911649093386e-09,1.3492911649093386,13.492911649093386,3.8678889139475245,5.801833370921287,56.0
155.0,82.0,4.478115991081385,63.0,0.9213165736857096,1.5272089148865575e-09,1.8711136112736781e-10,1.3400975537591897e-09,1.3400975537591897,13.400975537591897,4.478115991081385,6.717173986622077,76.0
266.0,89.0,2.876813695875796,26.0,1.1211451356615063,1.0315565068808041e-09,2.7388250001258996e-10,7.576740068682142e-10,0.7576740068682142,7.576740068682142,2.876813695875796,4.315220543813694,36.0
456.0,91.0,3.2410224072142872,33.0,1.0472242640569587,1.1628259466434088e-09,2.8619755176872985e-10,8.766283948746789e-10,0.8766283948746789,8.76628394874679,3.2410224072142872,4.86153361082143,32.0
17.0,92.0,3.2897623212397704,34.0,0.9405258522783919,1.6531936930519464e-09,5.360479005123153e-10,1.117145792539631e-09,1.117145792539631,11.17145792539631,3.2897623212397704,4.934643481859656,32.0
408.0,93.0,2.763953195770684,24.0,1.1097582375130814,9.082131158244522e-10,2.4126980274763454e-10,6.669433130768176e-10,0.6669433130768176,6.6694331307681765,2.763953195770684,4.145929793656026,36.0
96.0,97.0,2.8209479177387813,25.0,0.9805467826824812,9.971482528570164e-10,3.247054569666119e-10,6.724427958904045e-10,0.6724427958904045,6.7244279589040445,2.8209479177387813,4.231421876608172,36.0
248.0,98.0,2.111004122822376,14.0,1.294717943765261,1.123970694294485e-09,5.018434834358487e-10,6.221272108586362e-10,0.6221272108586362,6.221272108586362,2.111004122822376,3.1665061842335644,24.0
297.0,107.0,3.9088200952233594,48.0,0.8992252874089113,1.997163101563615e-09,2.52748905138489e-10,1.7444141964251259e-09,1.7444141964251259,17.44414196425126,3.9088200952233594,5.8632301428350395,64.0
355.0,112.0,3.1915382432114616,32.0,0.9359406462838954,1.0687523088748208e-09,3.5524112818041687e-10,7.135111806944039e-10,0.7135111806944039,7.135111806944039,3.1915382432114616,4.787307364817193,32.0
485.0,114.0,3.7846987830302403,45.0,0.9432182161267797,1.4254513125422363e-09,5.211998888032809e-10,9.042514237389554e-10,0.9042514237389554,9.042514237389554,3.7846987830302403,5.6770481745453605,56.0
425.0,120.0,4.1841419359420025,55.0,0.9674803678480026,1.4136142256759854e-09,2.452204411751424e-10,1.168393784500843e-09,1.168393784500843,11.68393784500843,4.1841419359420025,6.276212903913004,64.0
103.0,132.0,3.989422804014327,50.0,1.0480202401408665,1.7205151747745617e-09,1.9254974698013072e-10,1.527965427794431e-09,1.527965427794431,15.27965427794431,3.989422804014327,5.984134206021491,64.0
336.0,137.0,4.442433223290478,62.0,0.9837561268413856,1.8276975488618064e-09,4.285088950339855e-10,1.3991886538278209e-09,1.3991886538278209,13.991886538278209,4.442433223290478,6.6636498349357165,76.0
54.0,149.0,3.6996385101659595,43.0,0.9737833682555215,1.4269225800944696e-09,3.4624236810998354e-10,1.080680211984486e-09,1.080680211984486,10.80680211984486,3.6996385101659595,5.549457765248939,52.0
128.0,152.0,3.431831258788849,37.0,0.9694901259935803,1.061129184520837e-09,6.939604099698293e-11,9.917331435238541e-10,0.9917331435238541,9.917331435238541,3.431831258788849,5.147746888183273,52.0
78.0,173.0,4.029119531035698,51.0,1.048105002095688,1.5278512899286056e-09,4.681206394741011e-10,1.0597306504545045e-09,1.0597306504545045,10.597306504545045,4.029119531035698,6.043679296553547,64.0
371.0,178.0,3.1915382432114616,32.0,1.0154901954491724,1.2477424649048885e-09,2.6539292985461316e-10,9.823495350502753e-10,0.9823495350502753,9.823495350502753,3.1915382432114616,4.787307364817193,32.0
275.0,181.0,4.1841419359420025,55.0,0.9852884032416416,2.108732077843456e-09,4.630564959251515e-10,1.6456755819183044e-09,1.6456755819183044,16.456755819183044,4.1841419359420025,6.276212903913004,64.0
153.0,188.0,3.431831258788849,37.0,0.94835857404143,1.3397061238151764e-09,3.8958990200566035e-10,9.50116221809516e-10,0.950116221809516,9.50116221809516,3.431831258788849,5.147746888183273,52.0
244.0,188.0,3.6125759969217834,41.0,1.0742998693442374,1.6624926990616018e-09,2.454619771330435e-10,1.4170307219285583e-09,1.4170307219285583,14.170307219285583,3.6125759969217834,5.418863995382675,52.0
412.0,202.0,2.326213245840639,17.0,1.2503645434029418,8.473320933788386e-10,1.9668745798728793e-10,6.506446353915507e-10,0.6506446353915507,6.506446353915507,2.326213245840639,3.4893198687609583,16.0
355.0,209.0,4.583497844237541,66.0,0.9128633272113803,2.4408672860687375e-09,3.2234218072524357e-10,2.118525105343494e-09,2.118525105343494,21.18525105343494,4.583497844237541,6.875246766356311,76.0
395.0,215.0,3.0382538898732494,29.0,1.1374342679116787,1.180950448542717e-09,2.674059862428635e-10,9.135444622998534e-10,0.9135444622998534,9.135444622998534,3.0382538898732494,4.557380834809874,40.0
162.0,221.0,3.5682482323055424,40.0,1.0480974335065731,1.7282885123037772e-09,3.1444553905135564e-10,1.4138429732524216e-09,1.4138429732524216,14.138429732524216,3.5682482323055424,5.352372348458314,52.0
447.0,222.0,3.0901936161855166,30.0,1.1766561392189772,6.031490862312694e-10,-2.1681631316716743e-11,6.248307175479861e-10,0.6248307175479861,6.248307175479861,3.0901936161855166,4.635290424278275,40.0
117.0,235.0,3.8678889139475245,47.0,1.034023182419364,1.6084896747869948e-09,4.736075004396767e-10,1.134882174347318e-09,1.134882174347318,11.34882174347318,3.8678889139475245,5.801833370921287,56.0
490.0,235.0,3.656366395715726,42.0,0.991570877510774,1.7347808745071802e-09,3.228151773670973e-10,1.411965697140083e-09,1.411965697140083,14.119656971400829,3.656366395715726,5.48454959357359,52.0
59.0,238.0,2.8209479177387813,25.0,1.0780241689052945,9.43260580754668e-10,2.695674794495062e-10,6.736931013051617e-10,0.6736931013051617,6.736931013051617,2.8209479177387813,4.231421876608172,36.0
148.0,257.0,4.222008245644752,56.0,1.0108601073016557,1.7114207828683448e-09,2.412230137860405e-10,1.4701977690823043e-09,1.4701977690823043,14.701977690823043,4.222008245644752,6.333012368467129,72.0
197.0,261.0,3.989422804014327,50.0,0.9805467826824815,1.641615510195038e-09,3.3887745387595203e-10,1.302738056319086e-09,1.302738056319086,13.02738056319086,3.989422804014327,5.984134206021491,64.0
17.0,262.0,3.5682482323055424,40.0,0.9941987258216342,1.6965686633341193e-09,3.516000407488562e-10,1.344968622585263e-09,1.344968622585263,13.44968622585263,3.5682482323055424,5.352372348458314,52.0
439.0,279.0,4.296739856991561,58.0,0.9363650062762233,1.8547239299948615e-09,4.964876010316033e-10,1.3582363289632582e-09,1.3582363289632582,13.582363289632582,4.296739856991561,6.445109785487341,76.0
294.0,282.0,3.7846987830302403,45.0,0.924798531260901,2.0131196709627375e-09,6.389622719815691e-10,1.3741573989811684e-09,1.3741573989811684,13.741573989811684,3.7846987830302403,5.6770481745453605,56.0
92.0,293.0,3.431831258788849,37.0,1.1079692847082192,1.386683323723048e-09,1.7728740003830623e-10,1.2093959236847418e-09,1.2093959236847418,12.093959236847418,3.431831258788849,5.147746888183273,52.0
462.0,304.0,2.876813695875796,26.0,1.0197686539897803,1.1458379800544094e-09,6.810473886231794e-11,1.0777332411920915e-09,1.0777332411920915,10.777332411920915,2.876813695875796,4.315220543813694,36.0
421.0,311.0,3.6125759969217834,41.0,1.1341635277474724,1.3531621378959358e-09,4.6125683828002195e-10,8.919052996159138e-10,0.8919052996159138,8.919052996159138,3.6125759969217834,5.418863995382675,52.0
211.0,314.0,3.1915382432114616,32.0,1.1768136879086513,1.372790769949006e-09,3.338224835447434e-10,1.0389682864042626e-09,1.0389682864042626,10.389682864042626,3.1915382432114616,4.787307364817193,32.0
88.0,320.0,3.1915382432114616,32.0,1.105630018541109,1.3284294775317562e-09,1.9843006404673957e-10,1.1299994134850166e-09,1.1299994134850166,11.299994134850166,3.1915382432114616,4.787307364817193,32.0
160.0,330.0,3.989422804014327,50.0,0.9805467826824815,2.1222517077035263e-09,3.7367628435980293e-10,1.7485754233437234e-09,1.7485754233437234,17.485754233437234,3.989422804014327,5.984134206021491,64.0
341.0,326.0,3.385137501286538,36.0,1.0189180956789345,2.132127807641382e-09,1.0159144636645578e-09,1.116213343976824e-09,1.116213343976824,11.16213343976824,3.385137501286538,5.077706251929807,44.0
279.0,332.0,4.259537945889915,57.0,1.0211170724504286,1.7990419154401138e-09,4.345063753241618e-10,1.364535540115952e-09,1.364535540115952,13.64535540115952,4.259537945889915,6.389306918834873,68.0
242.0,332.0,2.6462837142006137,22.0,1.217151102948507,1.0333804922879608e-09,3.4556359163051553e-10,6.878169006574453e-10,0.6878169006574453,6.878169006574453,2.6462837142006137,3.9694255713009206,24.0
475.0,338.0,2.763953195770684,24.0,1.0144100643092022,1.000481142376941e-09,3.02727648504586e-10,6.977534938723551e-10,0.6977534938723551,6.977534938723551,2.763953195770684,4.145929793656026,36.0
190.0,350.0,2.9316150714175193,27.0,1.248478017202216,1.2536698346110597e-09,3.3540557831113205e-10,9.182642562999277e-10,0.9182642562999277,9.182642562999277,2.9316150714175193,4.397422607126279,36.0
122.0,353.0,2.763953195770684,24.0,1.1097582375130814,6.408966690685247e-10,4.079049077676533e-11,6.001061782917594e-10,0.6001061782917594,6.001061782917594,2.763953195770684,4.145929793656026,36.0
90.0,362.0,3.523362819972964,39.0,1.021894997668909,1.0628955493530157e-09,8.677599264150793e-11,9.761195567115077e-10,0.9761195567115077,9.761195567115077,3.523362819972964,5.285044229959446,52.0
49.0,363.0,3.385137501286538,36.0,0.9432876901559158,1.104112690164527e-09,1.0295393704229383e-10,1.0011587531222332e-09,1.0011587531222332,10.011587531222332,3.385137501286538,5.077706251929807,44.0
404.0,369.0,3.8678889139475245,47.0,1.0340231824193642,2.1893957757868066e-09,4.5802585335597e-10,1.7313699224308365e-09,1.7313699224308365,17.313699224308365,3.8678889139475245,5.801833370921287,56.0
382.0,372.0,2.256758334191025,16.0,1.3414659073803088,1.0981454634517718e-09,4.915324813836719e-10,6.066129820680999e-10,0.6066129820680999,6.066129820680999,2.256758334191025,3.385137501286538,16.0
12.0,373.0,3.826519928662906,46.0,1.0635183109500361,1.6350212295179745e-09,5.432730376675465e-10,1.091748191850428e-09,1.091748191850428,10.91748191850428,3.826519928662906,5.739779892994359,56.0
365.0,383.0,2.763953195770684,24.0,1.1431621365632298,1.0168776931607226e-09,4.058117314409415e-10,6.110659617197811e-10,0.6110659617197811,6.110659617197811,2.763953195770684,4.145929793656026,36.0
205.0,389.0,4.029119531035698,51.0,0.8092187494985593,1.3496491702014168e-09,1.91717357267418e-10,1.1579318129339988e-09,1.1579318129339988,11.579318129339988,4.029119531035698,6.043679296553547,64.0
251.0,392.0,3.431831258788849,37.0,1.1079692847082192,1.3946054311375633e-09,3.0738257772444655e-10,1.0872228534131168e-09,1.0872228534131168,10.872228534131168,3.431831258788849,5.147746888183273,52.0
171.0,401.0,3.523362819972964,39.0,1.021894997668909,2.1503996361360578e-09,5.247096923621797e-10,1.625689943773878e-09,1.625689943773878,16.25689943773878,3.523362819972964,5.285044229959446,52.0
473.0,405.0,3.6125759969217834,41.0,1.098507365603729,1.774833169321255e-09,3.8616804198809973e-10,1.3886651273331552e-09,1.3886651273331552,13.886651273331552,3.6125759969217834,5.418863995382675,52.0
89.0,411.0,3.5682482323055424,40.0,1.0480974335065731,1.4336066778142253e-09,1.1938908889286282e-10,1.3142175889213625e-09,1.3142175889213625,13.142175889213625,3.5682482323055424,5.352372348458314,52.0
313.0,413.0,3.431831258788849,37.0,1.0235134274794264,1.5194049352018624e-09,2.857341030448879e-10,1.2336708321569745e-09,1.2336708321569745,12.336708321569745,3.431831258788849,5.147746888183273,52.0
247.0,417.0,3.2410224072142872,33.0,1.1401809566205188,1.0836815889092577e-09,4.187787061571413e-10,6.649028827521164e-10,0.6649028827521164,6.649028827521164,3.2410224072142872,4.86153361082143,32.0
358.0,426.0,3.2897623212397704,34.0,1.0181339372994451,9.087213204139744e-10,2.80630338411747e-10,6.280909820022273e-10,0.6280909820022273,6.2809098200222735,3.2897623212397704,4.934643481859656,32.0
505.0,434.0,3.431831258788849,37.0,1.1079692847082192,1.2438375884826769e-09,2.53831122787318e-10,9.900064656953589e-10,0.9900064656953589,9.900064656953589,3.431831258788849,5.147746888183273,52.0
391.0,441.0,3.9088200952233594,48.0,0.9864517666782943,1.7035169941337358e-09,4.0892939034975484e-10,1.294587603783981e-09,1.294587603783981,12.94587603783981,3.9088200952233594,5.8632301428350395,64.0
177.0,438.0,4.1073621666150775,53.0,1.0393795896434304,2.2411563715962757e-09,2.6552934850876397e-10,1.9756270230875117e-09,1.9756270230875117,19.756270230875117,4.1073621666150775,6.161043249922616,72.0
65.0,441.0,3.5682482323055424,40.0,1.0480974335065731,1.4811811777093453e-09,1.800883192570879e-10,1.3010928584522574e-09,1.3010928584522574,13.010928584522574,3.5682482323055424,5.352372348458314,52.0
39.0,453.0,3.0382538898732494,29.0,1.1689103329366752,1.0399764382995613e-09,3.034275469770975e-10,7.365488913224638e-10,0.7365488913224638,7.365488913224638,3.0382538898732494,4.557380834809874,40.0
303.0,461.0,3.656366395715726,42.0,0.73880318999302,1.0099255876028224e-09,2.782111624410888e-10,7.317144251617336e-10,0.7317144251617336,7.317144251617336,3.656366395715726,5.48454959357359,52.0
110.0,458.0,2.5231325220201604,20.0,1.2389643882700017,9.659169020181935e-10,3.4989615371738836e-10,6.160207483008051e-10,0.6160207483008051,6.160207483008051,2.5231325220201604,3.7846987830302403,24.0
362.0,466.0,3.431831258788849,37.0,1.1079692847082192,1.6453876039435045e-09,5.006267067564352e-10,1.1447608971870693e-09,1.1447608971870693,11.447608971870693,3.431831258788849,5.147746888183273,52.0
205.0,476.0,2.9316150714175193,27.0,0.9929365491729245,1.1916562181468748e-09,4.0323437644484983e-10,7.88421841702025e-10,0.788421841702025,7.88421841702025,2.9316150714175193,4.397422607126279,36.0
407.0,480.0,3.0382538898732494,29.0,1.0390314070548223,1.4353704891334473e-09,2.5170350526071417e-10,1.1836669838727332e-09,1.1836669838727332,11.836669838727332,3.0382538898732494,4.557380834809874,40.0
153.0,483.0,3.742410318509555,44.0,0.9680217026904682,1.968575080724122e-09,3.5249640706336294e-10,1.616078673660759e-09,1.616078673660759,16.16078673660759,3.742410318509555,5.613615477764332,52.0
185.0,485.0,3.141274657157109,31.0,0.92829858989067,1.1801267740807475e-09,4.5307664564564476e-10,7.270501284351027e-10,0.7270501284351027,7.2705012843510275,3.141274657157109,4.7119119857356635,40.0
220.0,500.0,2.4592453796829674,19.0,1.137914400511144,9.32078081383736e-10,2.277338873035717e-10,7.043441940801642e-10,0.7043441940801642,7.043441940801642,2.4592453796829674,3.6888680695244513,24.0
281.0,500.0,3.989422804014327,50.0,1.1559981640761263,1.710128483267681e-09,2.973702117881061e-10,1.412758271479575e-09,1.412758271479575,14.12758271479575,3.989422804014327,5.984134206021491,64.0
148.0,508.0,3.742410318509555,44.0,1.017278384386991,2.0713988302389907e-09,7.996533157861307e-10,1.27174551445286e-09,1.27174551445286,12.7174551445286,3.742410318509555,5.613615477764332,40.0
113.0,17.0,3.523362819972964,39.0,1.0,5.107862466324775e-10,3.4489196221176854e-11,4.762970504113007e-10,0.47629705041130066,4.762970504113007,3.523362819972964,5.285044229959446,52.0
203.0,49.0,3.523362819972964,39.0,1.0,7.470951635113465e-10,1.6238963645998084e-10,5.847055270513657e-10,0.5847055270513657,5.847055270513657,3.523362819972964,5.285044229959446,52.0
264.0,21.0,3.523362819972964,39.0,1.0,1.0212507506324187e-09,3.895745809279205e-10,6.316761697044981e-10,0.6316761697044981,6.316761697044981,3.523362819972964,5.285044229959446,52.0
340.0,48.0,3.523362819972964,39.0,1.0,6.395038942841325e-10,1.748989009175972e-10,4.6460499336653527e-10,0.46460499336653527,4.646049933665353,3.523362819972964,5.285044229959446,52.0
244.0,86.0,3.523362819972964,39.0,1.0,9.11841768758137e-10,2.8329538714899627e-10,6.285463816091408e-10,0.6285463816091408,6.285463816091408,3.523362819972964,5.285044229959446,52.0
187.0,161.0,3.523362819972964,39.0,1.0,6.167660271394482e-10,2.5176617735045426e-10,3.649998497889939e-10,0.3649998497889939,3.649998497889939,3.523362819972964,5.285044229959446,52.0
232.0,138.0,3.523362819972964,39.0,1.0,8.049631516904299e-10,3.587639213487037e-10,4.4619923034172615e-10,0.44619923034172615,4.4619923034172615,3.523362819972964,5.285044229959446,52.0
233.0,202.0,3.523362819972964,39.0,1.0,7.644103683368542e-10,2.1090866553219456e-10,5.535017028046596e-10,0.5535017028046596,5.535017028046596,3.523362819972964,5.285044229959446,52.0
204.0,240.0,3.523362819972964,39.0,1.0,5.993403551229903e-10,2.0762338376334455e-10,3.917169713596458e-10,0.3917169713596458,3.917169713596458,3.523362819972964,5.285044229959446,52.0
247.0,242.0,3.523362819972964,39.0,1.0,3.785523838839566e-10,-1.3908098284165504e-10,5.176333667256117e-10,0.5176333667256117,5.176333667256117,3.523362819972964,5.285044229959446,52.0
265.0,222.0,3.523362819972964,39.0,1.0,3.7110872708190357e-10,-2.1117266962855652e-10,5.822813967104601e-10,0.5822813967104601,5.822813967104601,3.523362819972964,5.285044229959446,52.0
373.0,240.0,3.523362819972964,39.0,1.0,9.204746964641686e-10,4.78614398113919e-10,4.4186029835024954e-10,0.44186029835024954,4.418602983502495,3.523362819972964,5.285044229959446,52.0
400.0,265.0,3.523362819972964,39.0,1.0,7.026915160857072e-10,6.167267217749295e-11,6.410188439082143e-10,0.6410188439082143,6.410188439082143,3.523362819972964,5.285044229959446,52.0
367.0,299.0,3.523362819972964,39.0,1.0,8.333163048490633e-10,2.6496335681081007e-10,5.683529480382532e-10,0.5683529480382532,5.683529480382532,3.523362819972964,5.285044229959446,52.0
361.0,323.0,3.523362819972964,39.0,1.0,1.3317921210287409e-09,8.373536863892639e-10,4.94438434639477e-10,0.494438434639477,4.94438434639477,3.523362819972964,5.285044229959446,52.0
420.0,436.0,3.523362819972964,39.0,1.0,5.829084437358745e-10,9.967073694161499e-11,4.832377067942595e-10,0.4832377067942595,4.832377067942595,3.523362819972964,5.285044229959446,52.0
470.0,444.0,3.523362819972964,39.0,1.0,3.4399552650832277e-10,-2.4466359493935386e-11,3.6846188600225815e-10,0.36846188600225815,3.6846188600225815,3.523362819972964,5.285044229959446,52.0
411.0,508.0,3.523362819972964,39.0,1.0,8.240855775554223e-10,-2.205857783758869e-12,8.262914353391812e-10,0.8262914353391813,8.262914353391812,3.523362819972964,5.285044229959446,42.0
323.0,479.0,3.523362819972964,39.0,1.0,7.771426835390116e-10,1.8808456875296642e-10,5.890581147860452e-10,0.5890581147860452,5.890581147860452,3.523362819972964,5.285044229959446,52.0
330.0,434.0,3.523362819972964,39.0,1.0,8.07529931812212e-10,3.3834826607126445e-10,4.691816657409476e-10,0.46918166574094755,4.6918166574094755,3.523362819972964,5.285044229959446,52.0
325.0,393.0,3.523362819972964,39.0,1.0,5.388412493978478e-10,2.132209825367326e-10,3.2562026686111523e-10,0.3256202668611152,3.2562026686111523,3.523362819972964,5.285044229959446,52.0
301.0,380.0,3.523362819972964,39.0,1.0,6.076854575098878e-10,3.0443347842634694e-10,3.0325197908354085e-10,0.30325197908354085,3.0325197908354085,3.523362819972964,5.285044229959446,52.0
312.0,350.0,3.523362819972964,39.0,1.0,1.2289780304541864e-09,6.439870858798713e-10,5.849909445743151e-10,0.5849909445743151,5.849909445743151,3.523362819972964,5.285044229959446,52.0
254.0,353.0,3.523362819972964,39.0,1.0,6.77036204876913e-10,2.018975681084001e-10,4.751386367685129e-10,0.47513863676851287,4.751386367685129,3.523362819972964,5.285044229959446,52.0
256.0,443.0,3.523362819972964,39.0,1.0,9.465415118370402e-10,3.9742277524457137e-10,5.491187365924688e-10,0.5491187365924688,5.491187365924688,3.523362819972964,5.285044229959446,52.0
243.0,501.0,3.523362819972964,39.0,1.0,5.733933328144758e-10,-8.735252451930187e-11,6.607458573337777e-10,0.6607458573337777,6.607458573337777,3.523362819972964,5.285044229959446,52.0
102.0,390.0,3.523362819972964,39.0,1.0,5.133729552575517e-10,-1.3803966303349569e-10,6.514126182910474e-10,0.6514126182910474,6.5141261829104735,3.523362819972964,5.285044229959446,52.0
138.0,423.0,3.523362819972964,39.0,1.0,8.833829223675593e-10,3.3254918263558864e-10,5.508337397319707e-10,0.5508337397319707,5.508337397319707,3.523362819972964,5.285044229959446,52.0
65.0,487.0,3.523362819972964,39.0,1.0,4.960382105068106e-10,-1.4282865862247363e-10,6.388668691292843e-10,0.6388668691292843,6.3886686912928425,3.523362819972964,5.285044229959446,52.0
136.0,370.0,3.523362819972964,39.0,1.0,7.295535842111178e-10,1.208502811711476e-10,6.087033030399702e-10,0.6087033030399702,6.087033030399702,3.523362819972964,5.285044229959446,52.0
6.0,345.0,3.523362819972964,39.0,1.0,4.6327069957996514e-10,2.887457078992739e-10,1.7452499168069124e-10,0.17452499168069124,1.7452499168069124,3.523362819972964,5.285044229959446,52.0
1.0,312.0,3.523362819972964,39.0,1.0,9.60293622398467e-10,3.4423366934710486e-10,6.160599530513622e-10,0.6160599530513622,6.160599530513622,3.523362819972964,5.285044229959446,32.0
46.0,293.0,3.523362819972964,39.0,1.0,7.760270204215658e-10,2.612949440150558e-10,5.1473207640651e-10,0.51473207640651,5.1473207640651,3.523362819972964,5.285044229959446,52.0
44.0,308.0,3.523362819972964,39.0,1.0,6.448073741616156e-10,1.4792198715918303e-10,4.968853870024326e-10,0.49688538700243257,4.968853870024326,3.523362819972964,5.285044229959446,52.0
63.0,256.0,3.523362819972964,39.0,1.0,7.652793398982283e-10,2.1884518502934824e-10,5.4643415486888e-10,0.54643415486888,5.4643415486888,3.523362819972964,5.285044229959446,52.0
13.0,188.0,3.523362819972964,39.0,1.0,6.154974863115115e-10,2.571012708285636e-10,3.5839621548294787e-10,0.35839621548294787,3.5839621548294787,3.523362819972964,5.285044229959446,52.0
41.0,199.0,3.523362819972964,39.0,1.0,8.712774945962565e-10,1.4868559855552022e-10,7.225918960407363e-10,0.7225918960407363,7.225918960407363,3.523362819972964,5.285044229959446,52.0
36.0,108.0,3.523362819972964,39.0,1.0,8.254293359932774e-10,3.5515210217162974e-10,4.702772338216477e-10,0.47027723382164766,4.7027723382164766,3.523362819972964,5.285044229959446,52.0
74.0,90.0,3.523362819972964,39.0,1.0,5.175013195746203e-10,7.515956954029512e-11,4.423417500343252e-10,0.4423417500343252,4.423417500343252,3.523362819972964,5.285044229959446,52.0
461.0,153.0,3.523362819972964,39.0,1.0,9.71311697739452e-10,3.0697233643905975e-10,6.643393613003923e-10,0.6643393613003923,6.643393613003923,3.523362819972964,5.285044229959446,52.0
456.0,172.0,3.523362819972964,39.0,1.0,4.697545130660785e-10,-6.833971930020333e-11,5.380942323662818e-10,0.5380942323662818,5.380942323662818,3.523362819972964,5.285044229959446,52.0
461.0,211.0,3.523362819972964,39.0,1.0,9.185602833916562e-10,2.8451753453229145e-10,6.340427488593647e-10,0.6340427488593647,6.340427488593647,3.523362819972964,5.285044229959446,52.0
495.0,172.0,3.523362819972964,39.0,1.0,7.6771039525525e-10,2.5022506289218427e-10,5.174853323630657e-10,0.5174853323630657,5.174853323630657,3.523362819972964,5.285044229959446,52.0
473.0,268.0,3.523362819972964,39.0,1.0,2.5297061667650667e-10,-2.1705115482717474e-10,4.700217715036814e-10,0.4700217715036814,4.700217715036814,3.523362819972964,5.285044229959446,52.0
465.0,372.0,3.523362819972964,39.0,1.0,4.216778870524962e-10,1.6214709696454888e-12,4.200564160828507e-10,0.4200564160828507,4.200564160828507,3.523362819972964,5.285044229959446,52.0
22.0,442.0,3.523362819972964,39.0,1.0,7.107269772710367e-10,1.5087431304294796e-10,5.598526642280888e-10,0.5598526642280888,5.598526642280888,3.523362819972964,5.285044229959446,52.0
327.0,305.0,3.523362819972964,39.0,1.0,1.375692115779259e-09,9.92357918061515e-10,3.83334197717744e-10,0.383334197717744,3.83334197717744,3.523362819972964,5.285044229959446,52.0
